﻿designator,quantity,value,pack,mpn,mount_type
"C1, C10, C2, C3, C6, C7, C9",7,100n,C_0603_1608Metric,,smt
C4,1,2.2u,C_0603_1608Metric,,smt
C5,1,22u,C_0805_2012Metric,,smt
C8,1,10u,C_0805_2012Metric,,smt
"D1, D2, D3, D4",4,LED,LED_0805_2012Metric,,smt
"H1, H2, H3, H4",4,MountingHole,MountingHole_3mm,,tht
J1,1,Conn_01x02,AMASS_XT60-F_1x02_P7.20mm_Vertical,,tht
J2,1,Conn_02x03_Odd_Even,IDC-Header_2x03_P2.54mm_Vertical,,tht
J3,1,Conn_01x04,PinSocket_1x04_P2.54mm_Vertical,,tht
"JP1, JP10, JP11, JP12, JP2, JP3, JP4, JP5, JP6, JP7, JP8, JP9",12,SolderJumper_2_Open,SolderJumper-2_P1.3mm_Open_RoundedPad1.0x1.5mm,,tht
L1,1,10u,L_Taiyo-Yuden_MD-4040,,smt
"R1, R2",2,4.7k,R_0603_1608Metric,,smt
"R10, R11, R12, R9",4,130R,R_0603_1608Metric,,smt
"R13, R14, R3, R4, R6, R8",6,10k,R_0603_1608Metric,,smt
R7,1,20k,R_0603_1608Metric,,smt
U1,1,ESP32-WROOM-32,ESP32-WROOM-32D,,smt
U2,1,SHTC3,Sensirion_DFN-4-1EP_2x2mm_P1mm_EP0.7x1.6mm,,smt
U3,1,BMP390,LGA10_BMP390_BOS,,smt
U4,1,TPS62177DQC,WSON-10-1EP_2x3mm_P0.5mm_EP0.84x2.4mm_ThermalVias,,smt
"U5, U6, U7",3,~,HV120SM02C,,smt
U8,1,NRF24L01_Breakout,nRF24L01_Breakout,,tht
