﻿pos_x,pos_y,rotation,side,designator,mpn,pack,value,mount_type,place
142.6086,-121.554748,0.0,top,C1,,C_0603_1608Metric,100n,smt,True
203.525,-116.1,-90.0,top,C10,,C_0603_1608Metric,100n,smt,True
142.6086,-123.078748,0.0,top,C2,,C_0603_1608Metric,100n,smt,True
156.841,-112.895,0.0,top,C3,,C_0603_1608Metric,100n,smt,True
149.0,-125.353,90.0,top,C4,,C_0603_1608Metric,2.2u,smt,True
150.825,-123.325,-90.0,top,C5,,C_0805_2012Metric,22u,smt,True
203.6,-130.175,-90.0,top,C6,,C_0603_1608Metric,100n,smt,True
203.625,-101.325,-90.0,top,C7,,C_0603_1608Metric,100n,smt,True
138.475,-94.225,0.0,top,C8,,C_0805_2012Metric,10u,smt,True
138.575,-92.325,0.0,top,C9,,C_0603_1608Metric,100n,smt,True
136.906,-112.268,0.0,top,D1,,LED_0805_2012Metric,LED,smt,True
145.669,-113.6495,90.0,top,D2,,LED_0805_2012Metric,LED,smt,True
136.8575,-110.109,0.0,top,D3,,LED_0805_2012Metric,LED,smt,True
147.955,-113.665,90.0,top,D4,,LED_0805_2012Metric,LED,smt,True
128.7,-88.25,0.0,top,H1,,MountingHole_3mm,MountingHole,tht,True
205.77,-138.26,0.0,top,H2,,MountingHole_3mm,MountingHole,tht,True
205.72,-88.17,0.0,top,H3,,MountingHole_3mm,MountingHole,tht,True
128.75,-138.25,0.0,top,H4,,MountingHole_3mm,MountingHole,tht,True
134.83,-131.064,0.0,top,J1,,AMASS_XT60-F_1x02_P7.20mm_Vertical,Conn_01x02,tht,True
166.37,-101.854,0.0,top,J2,,IDC-Header_2x03_P2.54mm_Vertical,Conn_02x03_Odd_Even,tht,True
163.586,-92.939,90.0,top,J3,,PinSocket_1x04_P2.54mm_Vertical,Conn_01x04,tht,True
176.5,-94.869,180.0,top,JP1,,SolderJumper-2_P1.3mm_Open_RoundedPad1.0x1.5mm,SolderJumper_2_Open,tht,True
176.53,-120.015,180.0,top,JP10,,SolderJumper-2_P1.3mm_Open_RoundedPad1.0x1.5mm,SolderJumper_2_Open,tht,True
176.5,-103.251,180.0,top,JP11,,SolderJumper-2_P1.3mm_Open_RoundedPad1.0x1.5mm,SolderJumper_2_Open,tht,True
176.5,-106.045,180.0,top,JP12,,SolderJumper-2_P1.3mm_Open_RoundedPad1.0x1.5mm,SolderJumper_2_Open,tht,True
176.53,-92.075,180.0,top,JP2,,SolderJumper-2_P1.3mm_Open_RoundedPad1.0x1.5mm,SolderJumper_2_Open,tht,True
176.5,-97.663,180.0,top,JP3,,SolderJumper-2_P1.3mm_Open_RoundedPad1.0x1.5mm,SolderJumper_2_Open,tht,True
176.5,-100.457,180.0,top,JP4,,SolderJumper-2_P1.3mm_Open_RoundedPad1.0x1.5mm,SolderJumper_2_Open,tht,True
176.53,-111.633,180.0,top,JP5,,SolderJumper-2_P1.3mm_Open_RoundedPad1.0x1.5mm,SolderJumper_2_Open,tht,True
176.545,-117.221,180.0,top,JP6,,SolderJumper-2_P1.3mm_Open_RoundedPad1.0x1.5mm,SolderJumper_2_Open,tht,True
176.53,-122.809,180.0,top,JP7,,SolderJumper-2_P1.3mm_Open_RoundedPad1.0x1.5mm,SolderJumper_2_Open,tht,True
176.515,-108.839,180.0,top,JP8,,SolderJumper-2_P1.3mm_Open_RoundedPad1.0x1.5mm,SolderJumper_2_Open,tht,True
176.515,-114.427,180.0,top,JP9,,SolderJumper-2_P1.3mm_Open_RoundedPad1.0x1.5mm,SolderJumper_2_Open,tht,True
158.496,-125.603,90.0,top,L1,,L_Taiyo-Yuden_MD-4040,10u,smt,True
138.5946,-119.298748,180.0,top,R1,,R_0603_1608Metric,4.7k,smt,True
145.669,-117.094,-90.0,top,R10,,R_0603_1608Metric,130R,smt,True
133.033,-110.109,180.0,top,R11,,R_0603_1608Metric,130R,smt,True
147.955,-117.1425,-90.0,top,R12,,R_0603_1608Metric,130R,smt,True
136.461,-105.664,180.0,top,R13,,R_0603_1608Metric,10k,smt,True
136.462,-100.711,180.0,top,R14,,R_0603_1608Metric,10k,smt,True
134.9756,-122.316748,-90.0,top,R2,,R_0603_1608Metric,4.7k,smt,True
159.648,-114.673,-90.0,top,R3,,R_0603_1608Metric,10k,smt,True
154.06,-114.673,-90.0,top,R4,,R_0603_1608Metric,10k,smt,True
136.461,-104.013,180.0,top,R6,,R_0603_1608Metric,10k,smt,True
153.48,-128.651,0.0,top,R7,,R_0603_1608Metric,20k,smt,True
153.48,-130.683,180.0,top,R8,,R_0603_1608Metric,10k,smt,True
133.033,-112.268,180.0,top,R9,,R_0603_1608Metric,130R,smt,True
150.1168,-99.747874,0.0,top,U1,,ESP32-WROOM-32D,ESP32-WROOM-32,smt,True
156.845,-115.189,0.0,top,U2,,Sensirion_DFN-4-1EP_2x2mm_P1mm_EP0.7x1.6mm,SHTC3,smt,True
138.2903,-122.308874,0.0,top,U3,,LGA10_BMP390_BOS,BMP390,smt,True
153.477,-125.333,0.0,top,U4,,WSON-10-1EP_2x3mm_P0.5mm_EP0.84x2.4mm_ThermalVias,TPS62177DQC,smt,True
191.264,-98.552,0.0,top,U5,,HV120SM02C,~,smt,True
191.263,-114.427,0.0,top,U6,,HV120SM02C,~,smt,True
191.262,-130.302,0.0,top,U7,,HV120SM02C,~,smt,True
176.948,-128.097,-90.0,top,U8,,nRF24L01_Breakout,NRF24L01_Breakout,tht,True
